{"stats":{"minecraft:mined":{"minecraft:redstone_wire":1,"minecraft:smooth_stone":25,"minecraft:sticky_piston":1,"minecraft:stone":2,"minecraft:iron_block":2,"minecraft:scaffolding":47,"minecraft:red_bed":13,"minecraft:comparator":1,"minecraft:observer":1,"minecraft:glass":1,"minecraft:cobblestone":243,"minecraft:lily_pad":2,"minecraft:repeater":1,"minecraft:cobblestone_wall":33,"minecraft:grass":1,"minecraft:dirt":501,"minecraft:piston":5},"minecraft:killed":{"minecraft:pillager":2,"minecraft:player":1,"minecraft:villager":4},"minecraft:used":{"minecraft:flint_and_steel":8,"minecraft:armor_stand":16,"minecraft:redstone":160,"minecraft:elytra":1,"minecraft:ladder":812,"minecraft:oak_sign":3,"minecraft:chest":103,"minecraft:ender_chest":5,"minecraft:stone":1,"minecraft:netherrack":1,"minecraft:dirt":1763,"minecraft:anvil":7,"minecraft:white_carpet":10,"minecraft:hopper":89,"minecraft:spruce_stairs":58,"minecraft:cobblestone_wall":643,"minecraft:spruce_fence":12,"minecraft:milk_bucket":1,"minecraft:obsidian":59,"minecraft:glass":464,"minecraft:ravager_spawn_egg":1,"minecraft:packed_ice":14,"minecraft:lava_bucket":26,"minecraft:villager_spawn_egg":26,"minecraft:iron_block":839,"minecraft:totem_of_undying":1,"minecraft:stone_brick_stairs":6,"minecraft:repeater":44,"minecraft:magma_block":36,"minecraft:scaffolding":375,"minecraft:observer":69,"minecraft:water_bucket":92,"minecraft:red_stained_glass":22,"minecraft:lime_wool":7,"minecraft:lily_pad":6,"minecraft:composter":92,"minecraft:cauldron":12,"minecraft:spruce_sign":9,"minecraft:beacon":6,"minecraft:glow_ink_sac":2,"minecraft:spruce_fence_gate":46,"minecraft:comparator":16,"minecraft:red_bed":22,"minecraft:note_block":5,"minecraft:redstone_torch":15,"minecraft:sticky_piston":55,"minecraft:piston":88,"minecraft:lever":7,"minecraft:diamond_pickaxe":321,"minecraft:firework_rocket":13,"minecraft:diamond_shovel":506,"minecraft:string":9,"minecraft:stone_button":40,"minecraft:spruce_trapdoor":10,"minecraft:diamond_sword":21,"minecraft:cobblestone":240,"minecraft:stripped_oak_wood":12,"minecraft:white_stained_glass":3,"minecraft:bucket":61,"minecraft:smooth_stone_slab":7,"minecraft:oak_boat":3,"minecraft:smooth_stone":659,"minecraft:pillager_spawn_egg":12},"minecraft:picked_up":{"minecraft:ender_chest":1,"minecraft:ladder":7,"minecraft:diamond_sword":17,"minecraft:potion":43,"minecraft:string":2,"minecraft:red_bed":13,"minecraft:flint_and_steel":1,"minecraft:iron_axe":103,"minecraft:smooth_stone_slab":2,"minecraft:white_carpet":2,"minecraft:armor_stand":16,"minecraft:sticky_piston":7,"minecraft:white_stained_glass":1,"minecraft:smooth_stone":184,"minecraft:comparator":4,"minecraft:bucket":3,"minecraft:observer":7,"minecraft:chest":2,"minecraft:spruce_trapdoor":4,"minecraft:piston":33,"minecraft:stick":215,"minecraft:composter":10,"minecraft:spruce_stairs":15,"minecraft:note_block":2,"minecraft:villager_spawn_egg":4,"minecraft:stone_button":8,"minecraft:redstone":140,"minecraft:cauldron":2,"minecraft:iron_block":2,"minecraft:totem_of_undying":294,"minecraft:saddle":237,"minecraft:cobblestone":215,"minecraft:magma_block":6,"minecraft:repeater":13,"minecraft:water_bucket":4,"minecraft:lily_pad":16,"minecraft:gunpowder":112,"minecraft:cobblestone_wall":16,"minecraft:dirt":331,"minecraft:white_banner":266,"minecraft:glass":119,"minecraft:glass_bottle":118,"minecraft:glowstone_dust":102,"minecraft:scaffolding":219,"minecraft:lava_bucket":4,"minecraft:ink_sac":4,"minecraft:spider_eye":122,"minecraft:spruce_fence_gate":16,"minecraft:diamond_shovel":4,"minecraft:red_stained_glass":128,"minecraft:sugar":115,"minecraft:lever":8,"minecraft:crossbow":174,"minecraft:emerald":1675,"minecraft:crimson_roots":1,"minecraft:hopper":1,"minecraft:diamond_pickaxe":3},"minecraft:custom":{"minecraft:mob_kills":6,"minecraft:interact_with_anvil":7,"minecraft:inspect_hopper":82,"minecraft:fill_cauldron":12,"minecraft:leave_game":12,"minecraft:time_since_death":330355,"minecraft:climb_one_cm":218057,"minecraft:sprint_one_cm":37799,"minecraft:walk_one_cm":373883,"minecraft:drop":93,"minecraft:talked_to_villager":1,"minecraft:play_time":584458,"minecraft:deaths":2,"minecraft:sneak_time":88225,"minecraft:walk_under_water_one_cm":112372,"minecraft:boat_one_cm":65084,"minecraft:jump":2234,"minecraft:walk_on_water_one_cm":37819,"minecraft:total_world_time":614834,"minecraft:tune_noteblock":1,"minecraft:raid_trigger":2,"minecraft:sleep_in_bed":2,"minecraft:time_since_rest":19408,"minecraft:open_enderchest":13,"minecraft:damage_taken":1577,"minecraft:damage_dealt":1565,"minecraft:interact_with_beacon":15,"minecraft:swim_one_cm":46342,"minecraft:fly_one_cm":883200,"minecraft:player_kills":1,"minecraft:open_chest":230,"minecraft:crouch_one_cm":227228,"minecraft:aviate_one_cm":344153,"minecraft:fall_one_cm":42762},"minecraft:dropped":{"minecraft:piston":52,"minecraft:cobbled_deepslate_wall":3,"minecraft:cobblestone":8,"minecraft:red_stained_glass":121,"minecraft:spruce_stairs":1,"minecraft:emerald":192,"minecraft:dirt":1,"minecraft:red_bed":1,"minecraft:stone_button":58,"minecraft:ink_sac":4,"minecraft:wooden_axe":1,"minecraft:smooth_stone":3,"minecraft:lily_pad":2,"minecraft:cauldron":1,"minecraft:armor_stand":30,"minecraft:redstone":112,"minecraft:note_block":1,"minecraft:lever":1,"minecraft:ender_chest":1,"minecraft:cobblestone_wall":2,"minecraft:smooth_stone_slab":1,"minecraft:obsidian":56,"minecraft:composter":57,"minecraft:comparator":4,"minecraft:diamond_shovel":2,"minecraft:flint_and_steel":2,"minecraft:diamond_sword":28,"minecraft:gunpowder":64,"minecraft:spruce_trapdoor":63,"minecraft:diamond_pickaxe":1,"minecraft:chest":2,"minecraft:glass":68,"minecraft:scaffolding":7,"minecraft:white_stained_glass":1}},"DataVersion":3337}