{"stats":{"minecraft:used":{"minecraft:diamond_sword":1865},"minecraft:killed_by":{"minecraft:player":1,"minecraft:vex":1},"minecraft:killed":{"minecraft:vindicator":3422,"minecraft:pillager":4763,"minecraft:evoker":852,"minecraft:vex":1,"minecraft:witch":725},"minecraft:dropped":{"minecraft:stick":1},"minecraft:picked_up":{"minecraft:white_banner":50,"minecraft:iron_axe":13,"minecraft:stick":132,"minecraft:sugar":126,"minecraft:diamond_sword":6,"minecraft:crossbow":16,"minecraft:potion":2,"minecraft:saddle":7,"minecraft:totem_of_undying":15,"minecraft:emerald":263,"minecraft:gunpowder":125,"minecraft:glass_bottle":126,"minecraft:glowstone_dust":127,"minecraft:redstone":126,"minecraft:spider_eye":53},"minecraft:custom":{"minecraft:time_since_rest":25297,"minecraft:play_time":48620,"minecraft:damage_taken":1616,"minecraft:walk_one_cm":215,"minecraft:deaths":4,"minecraft:raid_trigger":288,"minecraft:mob_kills":10128,"minecraft:walk_under_water_one_cm":2598,"minecraft:drop":1,"minecraft:damage_dealt":0,"minecraft:leave_game":9,"minecraft:time_since_death":25297,"minecraft:total_world_time":51161,"minecraft:fly_one_cm":34,"minecraft:raid_win":28}},"DataVersion":3337}