{"stats":{"minecraft:killed":{"minecraft:villager":7},"minecraft:picked_up":{"minecraft:stick":430,"minecraft:potion":37,"minecraft:gunpowder":160,"minecraft:redstone":196,"minecraft:spider_eye":130,"minecraft:lantern":3,"minecraft:white_banner":394,"minecraft:iron_axe":119,"minecraft:sugar":222,"minecraft:lever":2,"minecraft:netherite_sword":1,"minecraft:crossbow":174,"minecraft:emerald":2546,"minecraft:saddle":375,"minecraft:totem_of_undying":369,"minecraft:glass_bottle":236,"minecraft:glowstone_dust":188},"minecraft:used":{"minecraft:redstone_torch":7,"minecraft:sticky_piston":2,"minecraft:netherite_sword":23,"minecraft:lever":2,"minecraft:water_bucket":18,"minecraft:packed_ice":4,"minecraft:jungle_leaves":277,"minecraft:sea_lantern":2,"minecraft:lava_bucket":1,"minecraft:villager_spawn_egg":8,"minecraft:flint_and_steel":1,"minecraft:string":2,"minecraft:lantern":20,"minecraft:armor_stand":1,"minecraft:grass_block":16,"minecraft:spruce_slab":8,"minecraft:redstone":22,"minecraft:jungle_log":7,"minecraft:chest":47,"minecraft:spruce_planks":20,"minecraft:spruce_trapdoor":3,"minecraft:composter":7,"minecraft:spruce_sign":3,"minecraft:item_frame":7,"minecraft:flowering_azalea_leaves":7,"minecraft:barrel":2,"minecraft:soul_lantern":1,"minecraft:repeater":7,"minecraft:glowstone":1,"minecraft:comparator":7,"minecraft:hopper":72,"minecraft:cobblestone_wall":18,"minecraft:spruce_stairs":21,"minecraft:white_stained_glass":69,"minecraft:chain":1,"minecraft:stone_stairs":2,"minecraft:smooth_stone_slab":3,"minecraft:observer":2,"minecraft:bone_meal":12,"minecraft:smooth_stone":71,"minecraft:pillager_spawn_egg":23},"minecraft:custom":{"minecraft:time_since_rest":85852,"minecraft:open_enderchest":3,"minecraft:sprint_one_cm":1824,"minecraft:walk_one_cm":14285,"minecraft:interact_with_anvil":1,"minecraft:mob_kills":7,"minecraft:drop":12,"minecraft:inspect_hopper":23,"minecraft:damage_dealt":1360,"minecraft:fly_one_cm":459443,"minecraft:open_chest":7,"minecraft:crouch_one_cm":8097,"minecraft:play_time":85852,"minecraft:sneak_time":6653,"minecraft:walk_under_water_one_cm":21172,"minecraft:jump":58,"minecraft:leave_game":7,"minecraft:walk_on_water_one_cm":5301,"minecraft:time_since_death":85852,"minecraft:total_world_time":90748},"minecraft:dropped":{"minecraft:water_bucket":3,"minecraft:netherite_sword":5,"minecraft:redstone_torch":1,"minecraft:bone_meal":1,"minecraft:flint_and_steel":1,"minecraft:redstone":63}},"DataVersion":3337}