{"stats":{"minecraft:killed_by":{"minecraft:vex":1},"minecraft:custom":{"minecraft:raid_win":42,"minecraft:play_time":48727,"minecraft:damage_taken":670,"minecraft:walk_one_cm":159,"minecraft:deaths":3,"minecraft:raid_trigger":675,"minecraft:mob_kills":23788,"minecraft:walk_under_water_one_cm":2566,"minecraft:damage_dealt":0,"minecraft:leave_game":5,"minecraft:time_since_death":7679,"minecraft:total_world_time":50548,"minecraft:fly_one_cm":40,"minecraft:time_since_rest":7679},"minecraft:picked_up":{"minecraft:white_banner":26,"minecraft:iron_axe":5,"minecraft:stick":132,"minecraft:sugar":124,"minecraft:netherite_sword":4,"minecraft:crossbow":8,"minecraft:potion":3,"minecraft:saddle":35,"minecraft:totem_of_undying":15,"minecraft:emerald":157,"minecraft:gunpowder":60,"minecraft:glass_bottle":67,"minecraft:glowstone_dust":129,"minecraft:redstone":68,"minecraft:spider_eye":129},"minecraft:killed":{"minecraft:vindicator":8148,"minecraft:pillager":11046,"minecraft:evoker":2068,"minecraft:vex":1,"minecraft:witch":2458},"minecraft:used":{"minecraft:netherite_sword":2299}},"DataVersion":3337}